id,timestamp,tx,project_id,standard,methodology,region,storage_method,method,emission_type,category,uri,owner
1,1633974726,0xbe86ad90e0f4640438c989112d73a6396b378f68f3ff83e0cdebc4189607fcb1,VCS-1418,VCS,ACM0002,India,,,,,,0x7564cf319ae569d331a2c0d57d9ee1c1f6d1a47b
2,1634044277,0x646777f1aaec38c487b7758faec460b335f4ed87e6a298b8baf8e2a1dbf4322c,VCS-251,VCS,AMS-I.C.,India,,,,,,0x7564cf319ae569d331a2c0d57d9ee1c1f6d1a47b
3,1634123999,0xb451336e96d8b7d775746ec2f4ad7c518aa5cb0f4bba0f32dcee41f597f02058,VCS-753,VCS,ACM0002,Turkey,,,,,,0x7564cf319ae569d331a2c0d57d9ee1c1f6d1a47b
4,1634126503,0x2ad57a6ffeda7005e181edd492accb18c224a979e000cf466449e93e243a9f7d,VCS-905,VCS,ACM0002,Turkey,,,,,,0x7564cf319ae569d331a2c0d57d9ee1c1f6d1a47b
5,1634128849,0x7d04d1cdde171fb6329378ae3225e914aa2446b0622b1ccf7cf67c9ea747bbca,VCS-674,VCS,VM0004,Indonesia,,,,,,0x7564cf319ae569d331a2c0d57d9ee1c1f6d1a47b
6,1634128865,0x6cd29c008f402535971a8002529ce2c7794826d8d0161a6881ef8a41f1ad3174,VCS-934,VCS,VM0009,"Congo, The Democratic Republic of The",,,,,,0x7564cf319ae569d331a2c0d57d9ee1c1f6d1a47b
7,1634129309,0xfeabff1d7a92b2cbcbbadd1a3f8b9ccb35662d62198f0e64362da660ceb29dcd,VCS-981,VCS,VM0015,Brazil,,,,,,0x7564cf319ae569d331a2c0d57d9ee1c1f6d1a47b
8,1634129345,0x6900826e9ebd304c8e168b4f67dfe94c2166fb0ace7d7ba56ed7a1d625104086,VCS-985,VCS,VM0007,Peru,,,,,,0x7564cf319ae569d331a2c0d57d9ee1c1f6d1a47b
9,1634129365,0xfe1a7344d56f27dad6a97b7e110e95354d8ca680e48a4552448536f282958d26,VCS-1566,VCS,VM0007,Colombia,,,,,,0x7564cf319ae569d331a2c0d57d9ee1c1f6d1a47b
10,1634130969,0x349330dbaecaf178e20f71ba9f743513d8231db06505d6815adeed1f4564c0db,VCS-755,VCS,ACM0002,Turkey,,,,,,0x7564cf319ae569d331a2c0d57d9ee1c1f6d1a47b
11,1634130989,0x0b98b79cfc4e2057d53ef7f114f32a22c12404e3bf9c23e14dbdac6996caac29,VCS-2095,VCS,ACM0002,Turkey,,,,,,0x7564cf319ae569d331a2c0d57d9ee1c1f6d1a47b
12,1634131017,0x60c3808da1bf837a836faea308e4e827486cdaac3d7e3c81a3f57e66dc5dc99d,VCS-1506,VCS,ACM0002,Turkey,,,,,,0x7564cf319ae569d331a2c0d57d9ee1c1f6d1a47b
13,1634131045,0xa4efc1e50fd585853f164b29b71066d7f2b59d6d1f1b81140b7b93ec9b2c04df,VCS-535,VCS,ACM0002,Turkey,,,,,,0x7564cf319ae569d331a2c0d57d9ee1c1f6d1a47b
14,1634137989,0xe7a98d0d3ed9bc0a994362d0d4a2cd43316eff1a02f2d6246caa5337310a16ed,VCS-896,VCS,ACM0002,Brazil,,,,,,0x7564cf319ae569d331a2c0d57d9ee1c1f6d1a47b
15,1634140388,0x576e88d7ed5f03d2be1a466497cc499de4cf3118685cabe5aa4bcecb6e889f3f,VCS-1166,VCS,AM0009,China,,,,,,0x7564cf319ae569d331a2c0d57d9ee1c1f6d1a47b
16,1634142980,0xb835fdec2634388449484f47f63c8cf97f284fe444fc3acf071a147a58d0cc0f,VCS-733,VCS,AMS-I.C.,India,,,,,,0x7564cf319ae569d331a2c0d57d9ee1c1f6d1a47b
17,1634142998,0x9cfabd4fbb3faa51712fd6bab8e5912513cd8110dd7cadc80c5c5f702818b88e,VCS-1577,VCS,VM0010,China,,,,,,0x7564cf319ae569d331a2c0d57d9ee1c1f6d1a47b
18,1634143046,0x8c59937b05ff095056c8b948ddef942a199c361f8c7fb11c6d884a6c63c3ced0,VCS-1542,VCS,VM0010,China,,,,,,0x7564cf319ae569d331a2c0d57d9ee1c1f6d1a47b
19,1634146708,0x6fe6c3e03e1b82f6a8dc8d20310b898055fd97fff9706fa1fa766c509820a67c,VCS-792,VCS,ACM0002,China,,,,,,0x7564cf319ae569d331a2c0d57d9ee1c1f6d1a47b
20,1634146726,0xc236ce5ab851ef9e99c046090c32dd4d05e66552c34f636d15483c8e38a34ee3,VCS-1650,VCS,VM0015,Cambodia,,,,,,0x7564cf319ae569d331a2c0d57d9ee1c1f6d1a47b
21,1634148450,0x24aae2efa8a6f707e2b0d18a417860eb1fa0a73244d3bb82794304385ec8c7c6,VCS-12,VCS,ACM0002,China,,,,,,0x7564cf319ae569d331a2c0d57d9ee1c1f6d1a47b
22,1634148474,0xec53f72ae156f7751993f751de7bfa86c58b9a74874ed1e5d6b01b3fcd4a6bb0,VCS-1162,VCS,VM0010,China,,,,,,0x7564cf319ae569d331a2c0d57d9ee1c1f6d1a47b
23,1634148510,0x29af2d0ba31944ad6ad5718752636ff908fa1738de5f8eb6fa92b2b86eef2ae3,VCS-982,VCS,AM0029,India,,,,,,0x7564cf319ae569d331a2c0d57d9ee1c1f6d1a47b
24,1634148550,0xc75a4942574a182db06ace86d10f29d2ac5a3e9e2ec264aa87c5a7b17252a2ab,VCS-1002,VCS,AM0029,India,,,,,,0x7564cf319ae569d331a2c0d57d9ee1c1f6d1a47b
25,1634148588,0xb20cd854acaf7c0aed1832b698ffb4e90bcb3d107549b212adba9d2e7e528147,VCS-439,VCS,AM0001,China,,,,,,0x7564cf319ae569d331a2c0d57d9ee1c1f6d1a47b
26,1634148712,0xcd07906eb187b3c9b03d1ca3c359bb77f2d99a191eeffe20688bcbb2bacc2132,VCS-1525,VCS,ACM0002,India,,,,,,0x7564cf319ae569d331a2c0d57d9ee1c1f6d1a47b
27,1634148732,0x44e460188d0ac646555fbd5332b9e4ebd81e9c01928e755926953ee51f37f658,VCS-812,VCS,VM0007,Belize,,,,,,0x7564cf319ae569d331a2c0d57d9ee1c1f6d1a47b
28,1634520611,0x2f80528a562d39926552cea2ba0efe0b89367353a068f067c72ee7e70793e66b,VCS-1686,VCS,VM0015,Brazil,,,,,,0x7564cf319ae569d331a2c0d57d9ee1c1f6d1a47b
29,1634525327,0x47a98fac281eae4332a3814a9a3a726f2b2a8436d8747964f6af35890de2cb70,VCS-837,VCS,AM0029,India,,,,,,0x7564cf319ae569d331a2c0d57d9ee1c1f6d1a47b
30,1634555286,0x7444f5c68c88b7667545d60ce967bfca9edeb4bf3aa431b75339135d538c5cbb,VCS-499,VCS,AMS-I.D.,India,,,,,,0x7564cf319ae569d331a2c0d57d9ee1c1f6d1a47b
31,1634567066,0xe676ca42b481349915f14a60779bf2b06dcd16f3a59cf59e7ada94cf2517af16,VCS-1190,VCS,ACM0002,India,,,,,,0x7564cf319ae569d331a2c0d57d9ee1c1f6d1a47b
32,1634571285,0x0ef37d02d98b0205c5dcac18aeb69a74e4044d7984c6d5398118ac62e2d3dd0a,VCS-612,VCS,VM0009,Kenya,,,,,,0x7564cf319ae569d331a2c0d57d9ee1c1f6d1a47b
33,1634571779,0x4a86e814f76df7a1870ec9538021a9cd94b7c370ec06690270bca840b3154d69,VCS-836,VCS,AMS-I.D.,Viet Nam,,,,,,0x7564cf319ae569d331a2c0d57d9ee1c1f6d1a47b
34,1634572135,0x6b1a4c3ffae978e4950a5c8e20fceecaeda3354991eb7662815dc9b3f245cfad,VCS-1477,VCS,VM0007,Indonesia,,,,,,0x7564cf319ae569d331a2c0d57d9ee1c1f6d1a47b
35,1634572261,0xa1a70bca640502db6ac27a600182dd8c79dbdcbb211110b6fbfaff735b4b67a9,VCS-722,VCS,AM0029,China,,,,,,0x7564cf319ae569d331a2c0d57d9ee1c1f6d1a47b
36,1634572663,0xb3ab02d864e3109a6a91986ab8544fbc6286f429ae19bb1e33b5156ab5607ce0,VCS-699,VCS,ACM0002,China,,,,,,0x7564cf319ae569d331a2c0d57d9ee1c1f6d1a47b
37,1634572743,0x59b127c4d9e643b21bf29973681fb50f932a76070988d0ec47912c0d892fe22a,VCS-173,VCS,ACM0002,India,,,,,,0x7564cf319ae569d331a2c0d57d9ee1c1f6d1a47b
38,1634573325,0xc7af0207e80a19fd59b46699a17b87fa561d64fd1bec6869782d63bfb70710ed,VCS-566,VCS,AMS-I.D.,India,,,,,,0x7564cf319ae569d331a2c0d57d9ee1c1f6d1a47b
39,1634573513,0xa538381371506f3b6541d13d45ddfaeb28ff731e35c1c4009a8349bc46547d1e,VCS-1146,VCS,ACM0012,South Korea,,,,,,0x7564cf319ae569d331a2c0d57d9ee1c1f6d1a47b
40,1634573667,0x57b478b0b5768130d8d3c22d28d9c89650ed1139996a53dcbda0584faafec343,VCS-274,VCS,AMS-I.D.,India,,,,,,0x7564cf319ae569d331a2c0d57d9ee1c1f6d1a47b
41,1634573885,0x14f7dbf3edf3752f4e90cba48f8bbee65df556c87249409ebaaf0c8b301208ee,VCS-713,VCS,ACM0002,Turkey,,,,,,0x7564cf319ae569d331a2c0d57d9ee1c1f6d1a47b
42,1634573919,0xe01ae851d783d8a495716b16c6ba4d8f770ed2b20d6497794b46b88b7f84655e,VCS-762,VCS,ACM0002,Turkey,,,,,,0x7564cf319ae569d331a2c0d57d9ee1c1f6d1a47b
43,1634573973,0x74e5a3c1454e89428617ae2c934410c473a0c569503338a1c9eb5b186c432dba,VCS-1499,VCS,ACM0002,Turkey,,,,,,0x7564cf319ae569d331a2c0d57d9ee1c1f6d1a47b
44,1634574471,0xd3060acb5e04fcd7df736565ca1a60b19449a4a5c6c0e012e3eb15860d0e4096,VCS-614,VCS,AMS-III.M.,India,,,,,,0x7564cf319ae569d331a2c0d57d9ee1c1f6d1a47b
45,1634574513,0x4523a46b17f628c732a1ce8dd8fb2672ea928222f492dde6d618e37bc0a0db4e,VCS-903,VCS,ACM0002,China,,,,,,0x7564cf319ae569d331a2c0d57d9ee1c1f6d1a47b
46,1634574633,0x29a03e77b3a380d6568550d964c5b814d13589542757ba93584715ced701dbed,VCS-132,VCS,AMS-I.D.,India,,,,,,0x7564cf319ae569d331a2c0d57d9ee1c1f6d1a47b
47,1634574663,0xf96dad4f05efc912056d0b8bdbe0736c5904f6ca68d1229fbd7c4ccc748fc583,VCS-670,VCS,ACM0002,China,,,,,,0x7564cf319ae569d331a2c0d57d9ee1c1f6d1a47b
48,1634574731,0xbd095bfcf98d4437a1c9075aa46b878ce52acc24af46f43ea7a696f0646ce6b8,VCS-653,VCS,ACM0002,China,,,,,,0x7564cf319ae569d331a2c0d57d9ee1c1f6d1a47b
49,1634574791,0x855c95de413fc0db7984c819819d6207dcf49645c68b971710280bfe43d7db4c,VCS-1464,VCS,ACM0002,Turkey,,,,,,0x7564cf319ae569d331a2c0d57d9ee1c1f6d1a47b
50,1634574813,0xa6344a209e40042afdd6cebd0f0d96507cbd71e5941fd2477019e612ca561ac6,VCS-1427,VCS,ACM0002,Turkey,,,,,,0x7564cf319ae569d331a2c0d57d9ee1c1f6d1a47b
51,1634574863,0xc0b0304a2beae05c0114b4791870c14abf4352ac7a8ac464ad5a8ae17575dccb,VCS-10,VCS,ACM0002,Brazil,,,,,,0x7564cf319ae569d331a2c0d57d9ee1c1f6d1a47b
52,1634574895,0x9bf147c8a069276768b9e7f42eef5f42976addcd2867d32a3b0f1c17cb508270,VCS-265,VCS,AMS-I.D.,India,,,,,,0x7564cf319ae569d331a2c0d57d9ee1c1f6d1a47b
53,1634579207,0x70ddddba1c85956a7ba0ad2c76af3f8eb0046c94ea45157b191c40d4f06469e3,VCS-725,VCS,ACM0002,China,,,,,,0xaeb6eda99c37589667e4ded9e1081a93307ecc7a
54,1634580253,0xff8fb62f3e2922b371c93b844de01176e31ee81499348333c58c5ae9a5b6ab62,VCS-1052,VCS,VM0011,Congo,,,,,,0x7564cf319ae569d331a2c0d57d9ee1c1f6d1a47b
55,1634580277,0xf0f1590fb103a25d0962f31554705ca1da81342fe4214e309f1fcab45b0e74d8,VCS-830,VCS,ACM0002,China,,,,,,0x7564cf319ae569d331a2c0d57d9ee1c1f6d1a47b
56,1634580295,0x48c55e528a5d5fcc18aa04e72085dae7562e4e62bf813013576b2b35e9bfb9bd,VCS-1188,VCS,ACM0002,China,,,,,,0x7564cf319ae569d331a2c0d57d9ee1c1f6d1a47b
57,1634580323,0x22dfd92bfd100ab09bcbf81b0831d6f9a42a85212ac86713e96195d27c5a4b1a,VCS-810,VCS,ACM0002,Turkey,,,,,,0x7564cf319ae569d331a2c0d57d9ee1c1f6d1a47b
58,1634586309,0xd23416804b9c88dbc2c4b3b71ef03b3581d315af429a55fb36a5dc53d306b561,VCS-1160,VCS,AMS-I.C.,India,,,,,,0x7564cf319ae569d331a2c0d57d9ee1c1f6d1a47b
59,1634586719,0x9a8cf134824822447aa74a08940e60160f4fd8b27e5a1fa91b79b69060a96aef,VCS-1203,VCS,AMS-I.D.,India,,,,,,0x7564cf319ae569d331a2c0d57d9ee1c1f6d1a47b
60,1634586765,0xb8dc257dc2069ce09dd12b5f45cb6e82b6bc05df38e5b177dfa92d55924ef431,VCS-1693,VCS,AMS-I.D.,India,,,,,,0x7564cf319ae569d331a2c0d57d9ee1c1f6d1a47b
61,1634586799,0x17397739da05ef66c2ed9b74fb023ebe523fc49dde6395523361d92903f2299d,VCS-1578,VCS,AMS-I.D.,India,,,,,,0x7564cf319ae569d331a2c0d57d9ee1c1f6d1a47b
62,1634586835,0xa1b93728967840b44801132c62e3a334aed0e0d5015105ec8effc5b002ee1564,VCS-927,VCS,AMS-I.D.,India,,,,,,0x7564cf319ae569d331a2c0d57d9ee1c1f6d1a47b
63,1634586871,0xf50525714f9fa79172710a50f51f105dc1fc5d85ed2255deed3725b614a69490,VCS-426,VCS,AMS-I.D.; AMS-III.H.,Thailand,,,,,,0x7564cf319ae569d331a2c0d57d9ee1c1f6d1a47b
64,1634586923,0x7c85623d05f3f946fb91ad66f8241b65dce609d252ea7bac20cc6fa997ef5a4e,VCS-892,VCS,ACM0002,China,,,,,,0x7564cf319ae569d331a2c0d57d9ee1c1f6d1a47b
65,1634586963,0xde15da78b3161c940c6f45f972cdecdca03c14eefe2cc317f78833414e857677,VCS-1121,VCS,ACM0018,China,,,,,,0x7564cf319ae569d331a2c0d57d9ee1c1f6d1a47b
66,1634590370,0x47c9bc92a8fe2312dbe44b94f898657d72bd47f1ddf758e332d0544b217c9cb5,VCS-786,VCS,ACM0012,South Korea,,,,,,0x7564cf319ae569d331a2c0d57d9ee1c1f6d1a47b
67,1634590448,0x2fe47b8d035c2f8dff5367f098a3bb4802814e572c4ce520f41a64acb4611821,VCS-788,VCS,ACM0002; AM0029,China,,,,,,0x7564cf319ae569d331a2c0d57d9ee1c1f6d1a47b
68,1634590476,0x6a6da0b8999da5b97867626b0829888f153ba7224f30489f65d8bc2b11651f27,VCS-513,VCS,ACM0002,Brazil,,,,,,0x7564cf319ae569d331a2c0d57d9ee1c1f6d1a47b
69,1634599776,0x2c1d00c8ee7eb163cb4c135b8feee74cf28234bf43c326be46ee4416628e8ea8,VCS-2097,VCS,ACM0002,Turkey,,,,,,0x7564cf319ae569d331a2c0d57d9ee1c1f6d1a47b
70,1634605181,0xfc28df7e7f041d435aac7be38c258ca68a82685c62c23b66d6e09f0048c8a48f,VCS-917,VCS,ACM0002,Turkey,,,,,,0x7564cf319ae569d331a2c0d57d9ee1c1f6d1a47b
71,1634605213,0x7f867a8a15559fce6519466b4d5685c96d58d787ed06d5369bb543243af5e654,VCS-631,VCS,AMS-I.D.,India,,,,,,0x7564cf319ae569d331a2c0d57d9ee1c1f6d1a47b
72,1634605301,0x9885a82deedc92e7daddc9f09a6b6bc8153408486b96dca83c69072fe7917f50,VCS-875,VCS,VM0007,Brazil,,,,,,0x7564cf319ae569d331a2c0d57d9ee1c1f6d1a47b
73,1634613665,0xb0e9e5841fa36bcae0f1ce0a51557aa3dda85d2cc8bd63af5b6927c3d9b779cd,VCS-487,VCS,ACM0002,Indonesia,,,,,,0x7564cf319ae569d331a2c0d57d9ee1c1f6d1a47b
74,1634671530,0x95833480efcd6283fade8afeb844e8a978cc7846ed098fca7dbd5e5f083ea586,VCS-1100,VCS,ACM0002,Turkey,,,,,,0x7564cf319ae569d331a2c0d57d9ee1c1f6d1a47b
75,1634671760,0x57afb16ac9a9369267bfd40b88288621f3ac387513e9ec0c74eaf330b40b3454,VCS-414,VCS,ACM0002,China,,,,,,0x7564cf319ae569d331a2c0d57d9ee1c1f6d1a47b
76,1634671796,0xcac10668d87365893b9481407b54684c0cf43c6be1ab1143056a4f663c936360,VCS-528,VCS,AMS-I.C.,China,,,,,,0x7564cf319ae569d331a2c0d57d9ee1c1f6d1a47b
77,1634671824,0xd85bed5dcc9d7e6b7b6f60a26b087e9d9ededf46ffb9f0879c8ac4fc20541985,VCS-529,VCS,AMS-I.C.,China,,,,,,0x7564cf319ae569d331a2c0d57d9ee1c1f6d1a47b
78,1634673530,0x224a7bf829ab25536526dfc140d8e44347ab127731caf628aa3604b6dc51203e,VCS-1742,VCS,ACM0002,India,,,,,,0x7564cf319ae569d331a2c0d57d9ee1c1f6d1a47b
79,1634673602,0x46aa695eedf38a18cb9761ee20d11843254c866351609ef144acace933f4a8fe,VCS-1310,VCS,ACM0002,China,,,,,,0x7564cf319ae569d331a2c0d57d9ee1c1f6d1a47b
80,1634684033,0x397117d5018a121d784409507bcf52a8b5a436be4b368671fb678693307f6a08,VCS-2092,VCS,ACM0002,Turkey,,,,,,0x7564cf319ae569d331a2c0d57d9ee1c1f6d1a47b
81,1634751496,0x661df8f4bc0a8305f388e667c39aacde0f494f0d382cf4c50ebecd0dfaab85b1,VCS-493,VCS,AMS-I.D.,India,,,,,,0x7564cf319ae569d331a2c0d57d9ee1c1f6d1a47b
82,1634751664,0xd101559cc780cc4dbd639af5f9ab6aba1f7e798210e07ad1fe350af8dc514e94,VCS-1549,VCS,AMS-III.Z,India,,,,,,0x7564cf319ae569d331a2c0d57d9ee1c1f6d1a47b
83,1634774416,0xbf793d34566a4449cc46c68a49b648e3c0736f5d34253916cd7e3843dd6e7a57,VCS-1382,VCS,VM0007,Brazil,,,,,,0x7564cf319ae569d331a2c0d57d9ee1c1f6d1a47b
84,1634812861,0x7dcf8877813b61e27e157ecbb8fcd2599ab9830590cf3b4894580c91ba4a9f8f,VCS-1529,VCS,VM0010,China,,,,,,0xaeb6eda99c37589667e4ded9e1081a93307ecc7a
85,1634902497,0x7b46d02e232835790ae3bba8a0be37c91d2c828d51710160cdc3e615e08c647f,VCS-728,VCS,ACM0002,China,,,,,,0x7564cf319ae569d331a2c0d57d9ee1c1f6d1a47b
86,1634902567,0x143f4e451a41c83e061a30f5328ce37e179c1e7ca0d588867229ce3369dc2120,VCS-655,VCS,ACM0002,India,,,,,,0x7564cf319ae569d331a2c0d57d9ee1c1f6d1a47b
87,1634902608,0xc35da15e9381a85a6af0f7593cd266f7032fad99e5b1967fda14ace4503956b6,VCS-1356,VCS,ACM0002,China,,,,,,0x7564cf319ae569d331a2c0d57d9ee1c1f6d1a47b
88,1634929932,0x410f9eb5f2c84965962a065f34cf99ba1870ce7d64d07134e97e6d6c8a73fbc5,VCS-766,VCS,ACM0002,India,,,,,,0x7564cf319ae569d331a2c0d57d9ee1c1f6d1a47b
89,1634929972,0xe901c2c8d3131809e7f0debf8eeef6138193fcd2b3ac6a5e7e63f5724b19d073,VCS-603,VCS,AMS-I.D.,Turkey,,,,,,0x7564cf319ae569d331a2c0d57d9ee1c1f6d1a47b
90,1634930000,0x3299117996d028318193384758c116abc80035993f0194cab528f30775b8ac51,VCS-758,VCS,ACM0002,Turkey,,,,,,0x7564cf319ae569d331a2c0d57d9ee1c1f6d1a47b
91,1634997637,0xf8703ddb647731c299241e4f7e70de5a2248cf2bfb2e789002bd2c934927bc2d,VCS-1748,VCS,VM0009,Cambodia,,,,,,0x7564cf319ae569d331a2c0d57d9ee1c1f6d1a47b
92,1635176498,0x9666e4aba1084912229b07c8716e2e2b8312a0d9cad0744875f6a2e96f0b962c,VCS-1792,VCS,ACM0002,India,,,,,,0x7564cf319ae569d331a2c0d57d9ee1c1f6d1a47b
93,1635344126,0x43e7243d896a6b1e09759da1fdfb08f77e194edfeb3f45d53bcb4e39cdd0fd37,VCS-1497,VCS,ACM0002; AMS-I.D.; AMS-I.F.,India,,,,,,0x7564cf319ae569d331a2c0d57d9ee1c1f6d1a47b
94,1635344187,0x5c9dce53d44180022896687206f8d899f7d472d1c1a38ebb3486f30faf23de18,VCS-292,VCS,ACM0002,India,,,,,,0x7564cf319ae569d331a2c0d57d9ee1c1f6d1a47b
95,1635344205,0x277909346241f665f82b095579e4d42220ed6c0d1e5e4ebe61d4af6b9e11f207,VCS-1079,VCS,AMS-I.D.,India,,,,,,0x7564cf319ae569d331a2c0d57d9ee1c1f6d1a47b
96,1635344229,0x868e491186f1574094d4520f6bfc951003c622bb8fcff49b8e20e2b07f547118,VCS-1187,VCS,ACM0002,China,,,,,,0x7564cf319ae569d331a2c0d57d9ee1c1f6d1a47b
97,1635344257,0xa42a9d4ba4f4856b388e4a61179599b7671704fd95eb5163f1bcfb52cb04b1d9,VCS-1189,VCS,ACM0002,China,,,,,,0x7564cf319ae569d331a2c0d57d9ee1c1f6d1a47b
98,1635449578,0x4a86b7951e0ae395709bf6fc03d90540deb137d423e9f6d71312ba51a193d2ee,VCS-1186,VCS,ACM0006,Chile,,,,,,0x7564cf319ae569d331a2c0d57d9ee1c1f6d1a47b
99,1635449610,0xd9cf6f3a55b7078e37d97ebb5407d8074eef7a7d118ede602b1f7f850a2b3e22,VCS-823,VCS,ACM0002,China,,,,,,0x7564cf319ae569d331a2c0d57d9ee1c1f6d1a47b
100,1635449674,0xe7535c1489586cf0ec3a8a9d4bcd0d232ea942da0201c6e37dfcef1154768691,VCS-1301,VCS,ACM0002,China,,,,,,0x7564cf319ae569d331a2c0d57d9ee1c1f6d1a47b
101,1635449702,0xd053761ced6aba6e68acac40b5847b42cf237e0b355cf76396616450453b54e3,VCS-293,VCS,AMS-I.C.,India,,,,,,0x7564cf319ae569d331a2c0d57d9ee1c1f6d1a47b
102,1635449796,0xb22f34d7f2ed584ce19ab751c22ec88ece6e349c47cef621636248dfbf355c4c,VCS-1656,VCS,ACM0002,China,,,,,,0x7564cf319ae569d331a2c0d57d9ee1c1f6d1a47b
103,1635449860,0x2e100690cf5848f3553d698fe9d84d198207510cabb403e155be7c400596c0a2,VCS-1762,VCS,ACM0002,India,,,,,,0x7564cf319ae569d331a2c0d57d9ee1c1f6d1a47b
104,1635449888,0xfc59476b20d672f4bb2b6a85a5e08a7c63d1a60a9c0ffdc55a79c7b0d26a4c18,VCS-1758,VCS,ACM0002,Turkey,,,,,,0x7564cf319ae569d331a2c0d57d9ee1c1f6d1a47b
105,1635796328,0x78133c4a51b50b6373d887bdab72b0622475e9523295f938b30af1f3572fde74,VCS-986,VCS,ACM0002,Turkey,,,,,,0xaeb6eda99c37589667e4ded9e1081a93307ecc7a
106,1635796600,0x7fb18773229e004e013568da1a2cb0bf8315acc3f883dfd09c72892870d10701,VCS-525,VCS,AMS-I.D.,India,,,,,,0xaeb6eda99c37589667e4ded9e1081a93307ecc7a
107,1635796660,0xe8bf4cbbbd26afc71cc475f594cd007022d5df73880e469bc7fa2d79d23d6ed9,VCS-1999,VCS,ACM0002,Thailand,,,,,,0xaeb6eda99c37589667e4ded9e1081a93307ecc7a
108,1635864441,0x4642be05c08b6f51b384e94b4a62acc06ef2f0b9c79a0da21a8e71f15ac70dad,VCS-1364,VCS,ACM0002,Colombia,,,,,,0x7564cf319ae569d331a2c0d57d9ee1c1f6d1a47b
109,1635864473,0x894cba6b40d1b1336f1be5e7869045ff2c926d8a6d8ff49a6db5d1138516222d,VCS-1055,VCS,AR-ACM0003,Chile,,,,,,0x7564cf319ae569d331a2c0d57d9ee1c1f6d1a47b
110,1635905078,0xe44ec45e3e78f715e1e96e4dc39bd9836e106f89a0ae793dff2a64a78c1d32a8,VCS-773,VCS,ACM0012,India,,,,,,0x7564cf319ae569d331a2c0d57d9ee1c1f6d1a47b
111,1635905116,0xba9f0cd7770db62ba0e37c2a1efb83d944c527f0ae3b0b597da3850586a9c5c8,VCS-1580,VCS,ACM0002; AMS-I.D.,India,,,,,,0x7564cf319ae569d331a2c0d57d9ee1c1f6d1a47b
112,1635905172,0x536224f7d88a70dec27ad76916c2ecf068ee24d36b4213f8121caaebf5445a30,VCS-624,VCS,ACM0006,India,,,,,,0x7564cf319ae569d331a2c0d57d9ee1c1f6d1a47b
113,1635905194,0x8c5dd4a0c4714eb1eef0a08c5bd1a8e3b64d00a179fbb9553b99f6c2d0412411,VCS-261,VCS,AMS-I.C.,India,,,,,,0x7564cf319ae569d331a2c0d57d9ee1c1f6d1a47b
114,1635905234,0x2ca809dbb7ae6208df1787fec8a42c2beda8a4c993ab27e1df22339cf83e0ea0,VCS-1214,VCS,ACM0002,India,,,,,,0x7564cf319ae569d331a2c0d57d9ee1c1f6d1a47b
115,1635905254,0x1a7715303f77980b05af8ab8d8dddfc56da4a3d3ed394ae21fa756635a0c8257,VCS-1521,VCS,ACM0002,India,,,,,,0x7564cf319ae569d331a2c0d57d9ee1c1f6d1a47b
116,1635905288,0xffc3f1ea6ed13abcbcbc627cd7700da537a67c4816394fcdc695899e37ac85b2,VCS-1671,VCS,ACM0002,India,,,,,,0x7564cf319ae569d331a2c0d57d9ee1c1f6d1a47b
117,1635905308,0x285891fc7ddc3f472842f9f7e79b59eeeb687c12ddee44ecd0152fa9f0c13831,VCS-1195,VCS,ACM0002,India,,,,,,0x7564cf319ae569d331a2c0d57d9ee1c1f6d1a47b
118,1635905330,0x77b3f77e48528b875f21baa01953967853c55ac609ff15742a4721f46b7a6eed,VCS-1021,VCS,AMS-I.D.,India,,,,,,0x7564cf319ae569d331a2c0d57d9ee1c1f6d1a47b
119,1635905362,0x2cdb61627cb5d0a91d121dc6fd7f6c0268ab290580738409b2e5323f74f1f3ef,VCS-264,VCS,ACM0002,Turkey,,,,,,0x7564cf319ae569d331a2c0d57d9ee1c1f6d1a47b
120,1635905388,0xee8d53461bd78d05a9eb17db32e141c6238adddc2755c6f7bdcf66a418abe93f,VCS-1522,VCS,ACM0002,Cote D'Ivoire,,,,,,0x7564cf319ae569d331a2c0d57d9ee1c1f6d1a47b
121,1636073532,0x53f05f17a5869807702264c7098e366b14ad8a65eb6a6f9b5590b856c197b7b8,VCS-682,VCS,AMS-I.D.,India,,,,,,0xaeb6eda99c37589667e4ded9e1081a93307ecc7a
122,1636073554,0xbf6af4db039517bd67f13b75c465ccf5e258b6c5180933395a3b3f35420aaccf,VCS-1221,VCS,ACM0002,Turkey,,,,,,0xaeb6eda99c37589667e4ded9e1081a93307ecc7a
123,1636073578,0xc311d13079f62a1497e1c6e167a21d7ea11fc77ff3584905541feca8675971ff,VCS-708,VCS,ACM0002,Brazil,,,,,,0xaeb6eda99c37589667e4ded9e1081a93307ecc7a
124,1636073614,0xafdce322c1b83bebf3a7f6a3fca94e48890812e988c199c6c1fb710b7b3393cf,VCS-253,VCS,ACM0001; AMS-I.D.,China,,,,,,0xaeb6eda99c37589667e4ded9e1081a93307ecc7a
125,1636120657,0x93585c0bc29f097ab1c7bcf2199c1a48ebda8187e49f20ec1e441e9326df2ef7,VCS-1883,VCS,AMS-III.G.,Ecuador,,,,,,0xaeb6eda99c37589667e4ded9e1081a93307ecc7a
126,1636330749,0x152157b765f1051a012676c4cdca1cb52bd973c3122ce5f241fc5595602c85c6,VCS-1721,VCS,VMR0006,Guatemala,,,,,,0xaeb6eda99c37589667e4ded9e1081a93307ecc7a
127,1636332657,0xf013598f86e651c4a3249e067b0e0492133ac9e804a59c5c1d3011898a21a551,VCS-1261,VCS,AM0029,India,,,,,,0xaeb6eda99c37589667e4ded9e1081a93307ecc7a
128,1636481635,0xe19104a3eefb20ed93b7cf4847cc140c68443e08f91aa3424773b5a2d14d92af,VCS-51,VCS,ACM0002,India,,,,,,0xaeb6eda99c37589667e4ded9e1081a93307ecc7a
129,1636481713,0x519d04fa60b2884a18caea0bf81aa26f03077fce43bccb01e1cb8bb3599e635a,VCS-1985,VCS,ACM0002,India,,,,,,0xaeb6eda99c37589667e4ded9e1081a93307ecc7a
130,1636481761,0xea92c4da76a778870757cfc934e6d217e352d1b4789f0b09f2ac0cb1666ee4d9,VCS-1174,VCS,ACM0002,Turkey,,,,,,0xaeb6eda99c37589667e4ded9e1081a93307ecc7a
131,1636543936,0x6309e5dd5bd1973f1bcc7df6e00dda1172e639e43f5e267140f657a3279b2142,VCS-876,VCS,AMS-I.D.,India,,,,,,0xaeb6eda99c37589667e4ded9e1081a93307ecc7a
132,1636571150,0x7dce74925a3c1118aa8f6baf0ed07c028921f2d2565f9bd4c64053dc7f217ca2,VCS-619,VCS,AMS-I.D.,India,,,,,,0xaeb6eda99c37589667e4ded9e1081a93307ecc7a
133,1636714612,0x43412d395904e919a90c9c2ffd8853f989b7a8550710de18e9dbe52ba3d050c0,VCS-498,VCS,AMS-I.D.,India,,,,,,0xaeb6eda99c37589667e4ded9e1081a93307ecc7a
134,1636714834,0xa39a50b574e85cbca8b0be2c765eb497489c715715940cd9a74d2f9b58ae0beb,VCS-669,VCS,ACM0002,India,,,,,,0xaeb6eda99c37589667e4ded9e1081a93307ecc7a
135,1636744727,0x96ad87c11fa2dd2762627d02ecb5e963caa766d7e5b9af267ead537b82a956cd,VCS-1781,VCS,ACM0002,India,,,,,,0xaeb6eda99c37589667e4ded9e1081a93307ecc7a
136,1636826415,0x018acbec30af6b2362c2290e03a6801f6389dd26aec61968a029e4f7043833fe,VCS-784,VCS,AMS-I.C.; AMS-I.D.,India,,,,,,0xaeb6eda99c37589667e4ded9e1081a93307ecc7a
137,1637010126,0xf07dda367d284dcbc82aacff5d20a4febb882e7b40123a8fc48c827916bcbd64,VCS-2026,VCS,ACM0002,India,,,,,,0xaeb6eda99c37589667e4ded9e1081a93307ecc7a
138,1637010188,0x392605b2e1ddce9c4377e6eaf72bb5e439910e03659bd9e7d505bf59000e37a1,VCS-1258,VCS,ACM0002,Bulgaria,,,,,,0xaeb6eda99c37589667e4ded9e1081a93307ecc7a
139,1637010274,0x9b1ea55b5cc0cf2a17482e6a09c663971dad93160da31122be095cdc0565fcaa,VCS-1205,VCS,ACM0002,Turkey,,,,,,0xaeb6eda99c37589667e4ded9e1081a93307ecc7a
140,1637172678,0xbecfe01f35095734ac3f6fcb599db3b1b323437f66705e60052fc959a682aff7,VCS-832,VCS,VM0007,Brazil,,,,,,0xaeb6eda99c37589667e4ded9e1081a93307ecc7a
141,1637238829,0x85ef343dc1d7dc9cd5bcf62d46a1a4e95daf0896bcef49e707789f08ae83f685,VCS-391,VCS,ACM0002,Turkey,,,,,,0xaeb6eda99c37589667e4ded9e1081a93307ecc7a
142,1637591077,0xecebd8e4f96780db8b389b2fce321de8be894c16fcb1a39491336e19d53c96a5,VCS-870,VCS,AMS-I.D.,India,,,,,,0xaeb6eda99c37589667e4ded9e1081a93307ecc7a
143,1637591113,0x17789bd39669c1d274d48ec96ace4cb4459251725c4398db916003f68b68ee55,VCS-929,VCS,VM0018,Canada,,,,,,0xaeb6eda99c37589667e4ded9e1081a93307ecc7a
144,1637767497,0x6cda53d349b5e772f9895bc62f72eb6fe6f2ccb6e469d7f7d9fd0706fbd2d16a,VCS-1204,VCS,ACM0002,China,,,,,,0xaeb6eda99c37589667e4ded9e1081a93307ecc7a
145,1637767525,0xa9ba36faf223434f9a9962d89f1b3537c1b7845e38bb434fcc8f43f97c54dc2f,VCS-45,VCS,ACM0002,China,,,,,,0xaeb6eda99c37589667e4ded9e1081a93307ecc7a
146,1637767601,0x5cfc766ac676b53e15e94a285399cb1386a6e4474ba200a4e46aff0143e3666c,VCS-330,VCS,AMS-I.D.,China,,,,,,0xaeb6eda99c37589667e4ded9e1081a93307ecc7a
147,1637767635,0x3f8a86aa66ceaccf196bf1fe2135ebdad266a53594603ae65e74ea1218ed599b,VCS-1148,VCS,ACM0002,China,,,,,,0xaeb6eda99c37589667e4ded9e1081a93307ecc7a
148,1637767701,0xc3ed9756f51dfa252e6eb992f7758febf4ffc7d56bd1a0637bcae87efa246b16,VCS-494,VCS,AM0029,China,,,,,,0xaeb6eda99c37589667e4ded9e1081a93307ecc7a
149,1637768353,0xcb324f6f0aba7b9eba7ce13219ca80578b8bc93a0c34fdba2b02e3989e7c582b,VCS-1044,VCS,ACM0002,China,,,,,,0xaeb6eda99c37589667e4ded9e1081a93307ecc7a
150,1637933682,0xa48e16b6f9309486a05e299d7c6199cb3c3b7f2c8e30a41ec1f8c088e99c29e3,VCS-1291,VCS,ACM0002,India,,,,,,0xaeb6eda99c37589667e4ded9e1081a93307ecc7a
151,1637934810,0x6f4f7e11b3809148274ec30792ff2a529d56e88b496bace094405e3a3a1c7730,VCS-1718,VCS,VM0010,China,,,,,,0xaeb6eda99c37589667e4ded9e1081a93307ecc7a
152,1638215947,0x79adb00c6ee168bf7b9a0e02ae1a1c3c9c82a2271c67225ea5a49c4e6ecf6bde,VCS-921,VCS,ACM0002,China,,,,,,0xaeb6eda99c37589667e4ded9e1081a93307ecc7a
153,1638216013,0xc65fe2831c3e2355a2515436bc1689a2ee1c5b7fcc09ad23634003241d4be893,VCS-338,VCS,AMS-I.C.; AMS-III.D.,Netherlands,,,,,,0xaeb6eda99c37589667e4ded9e1081a93307ecc7a
154,1638216519,0x2eedbb00ec9dcc8fc7d181db2b1812035f1118c14f9ca41b44bda70a2cedb28a,VCS-2098,VCS,AM0025,China,,,,,,0xaeb6eda99c37589667e4ded9e1081a93307ecc7a
155,1638305019,0x0cd581231b1f9c5beafa421a309feb5ac1c062b470b3a086c8c5b9d63abc0186,VCS-1143,VCS,ACM0002,China,,,,,,0xaeb6eda99c37589667e4ded9e1081a93307ecc7a
156,1638307441,0x3d6cc4dad463b1b44fa13b8912150b659ad99b26b02270902d54399eae272313,VCS-850,VCS,ACM0002,China,,,,,,0xaeb6eda99c37589667e4ded9e1081a93307ecc7a
157,1638307489,0x4d78aee0356ff66db58bff5c86532fc53b21c63ba5eeb8584fa3869be655fd78,VCS-936,VCS,ACM0002,China,,,,,,0xaeb6eda99c37589667e4ded9e1081a93307ecc7a
158,1638465631,0x5a6641f9732f05ffc965edacf1f56f375fb1384be186b56f359ff81e4bd99a92,VCS-1037,VCS,ACM0002,China,,,,,,0x7564cf319ae569d331a2c0d57d9ee1c1f6d1a47b
159,1638828143,0x0e30695b048b2eb00e95a4015e994766dc690ff093a6117be5152f127465c972,VCS-2089,VCS,ACM0002,Bolivia,,,,,,0x7564cf319ae569d331a2c0d57d9ee1c1f6d1a47b
160,1638959730,0x12071ad9968bdf8b1ffd064ad0eb3593be1f68b861f9a4dc29324f847b8e7738,VCS-486,VCS,ACM0002,Indonesia,,,,,,0x7564cf319ae569d331a2c0d57d9ee1c1f6d1a47b
161,1638959756,0xb91d97c8e97e0afb890558bc9a3d67a63baba3f1c567f9fd7b3f62837b92ba34,VCS-1140,VCS,ACM0006,China,,,,,,0x7564cf319ae569d331a2c0d57d9ee1c1f6d1a47b
162,1639585607,0xbf50e2963938ef25dc63eb03da71b2c78304b63b4b55428d8e82a706631e1acc,VCS-1935,VCS,VM0010,China,,,,,,0xaeb6eda99c37589667e4ded9e1081a93307ecc7a
163,1640626131,0x07ce2bdfba448793e6d6df95547d02bacd3b8d1f92c3d6c6e023a46aa822bafc,VCS-476,VCS,ACM0002,China,,,,,,0xaeb6eda99c37589667e4ded9e1081a93307ecc7a
164,1640626189,0x169d806a525bf1e8fc9e963cdedf76528151723cc990f610617fabaab1065d1c,VCS-148,VCS,ACM0002,China,,,,,,0xaeb6eda99c37589667e4ded9e1081a93307ecc7a
165,1640626243,0x6132212f6db952936f07cb839d92f94f32011cdd55873cee86abace1ca223abd,VCS-1824,VCS,ACM0006,China,,,,,,0xaeb6eda99c37589667e4ded9e1081a93307ecc7a
166,1640638931,0xe4ca3dbbf52a9743aceeb1793fa74f8e1df985c5d0193996bc01057f6c6c0d98,VCS-1505,VCS,ACM0002,Uganda,,,,,,0xaeb6eda99c37589667e4ded9e1081a93307ecc7a
167,1641137940,0xb66f390e456d27c0039b23756af758b634391aa952ebed4ec227bc0c947a25c8,VCS-191,VCS,ACM0002,China,,,,,,0xaeb6eda99c37589667e4ded9e1081a93307ecc7a
168,1641375605,0x6f5ddf8f008ccc31318aa5e6027cb7010d207cd45ad4958de416d8e09fddcf0a,VCS-192,VCS,ACM0002,China,,,,,,0xaeb6eda99c37589667e4ded9e1081a93307ecc7a
169,1641378940,0x612eb513d8da6ecaa54925fb48c6718b422a5bd9e9f854603bb361d5076c1cf7,VCS-1094,VCS,VM0015,Brazil,,,,,,0xaeb6eda99c37589667e4ded9e1081a93307ecc7a
170,1641379080,0xd9969a652a0d7b196ce4e64cf6f90b131086f23173d963e4ef6cdffe0438b12d,VCS-68,VCS,AM0029,India,,,,,,0xaeb6eda99c37589667e4ded9e1081a93307ecc7a
171,1641805145,0xcbd4545a4d35d242d886a863d9672dd70d6bf6b957e7014afe43aae85a73a7a4,VCS-1345,VCS,ACM0002,Turkey,,,,,,0xaeb6eda99c37589667e4ded9e1081a93307ecc7a
172,1641805305,0x75fc4eee22848433b1af0833b60a44839377cd6861310f07f993c157af4a4843,VCS-1508,VCS,AM0014,Pakistan,,,,,,0xaeb6eda99c37589667e4ded9e1081a93307ecc7a
173,1642551661,0xc77ae449bb9cba760d2653db6f26943c967481cfee35e7076ac6915913fbc84a,VCS-844,VCS,VM0007,Peru,,,,,,0x7564cf319ae569d331a2c0d57d9ee1c1f6d1a47b
174,1643908794,0x5d356f9b6510d60e8c2fa4a8d02b129d07852a35d5806f836bac46719fe1409f,VCS-245,VCS,AMS-I.D.,India,,,,,,0x89dbeb3586226cb8928b8de4ee8bc161585e1e7c
175,1644355105,0xb98e8c815ec22156455dbb450eeaff6998dcdb7013fef3ab68f78c44d5fa2461,VCS-2307,VCS,ACM0002,Madagascar,,,,,,0x7564cf319ae569d331a2c0d57d9ee1c1f6d1a47b
176,1644591475,0xdf773815e6c66ca6049c304f920241760ecf0aec35da7e5d68d93ee6ad14ced4,VCS-1768,VCS,ACM0002,India,,,,,,0x89dbeb3586226cb8928b8de4ee8bc161585e1e7c
177,1644855447,0x2e29bf404bc74576b76e8525f7ddb10a30b97c7ed68ccbcfe0c1054dad70d5d9,VCS-1228,VCS,ACM0001,Chile,,,,,,0x89dbeb3586226cb8928b8de4ee8bc161585e1e7c
178,1644855473,0xa09b0a0b8b0e61289d2462c50875e2f70a6bfcb0d6b05f07d5e13058aa9b019f,VCS-960,VCS,AR-ACM0001,Uruguay,,,,,,0x89dbeb3586226cb8928b8de4ee8bc161585e1e7c
179,1646503680,0x28b0d0ecbd1c18219cb15d4ea7ee4e0858070abbb94ee1ddd66fbf5307cb9441,VCS-309,VCS,AMS-I.D.,India,,,,,,0x89dbeb3586226cb8928b8de4ee8bc161585e1e7c
180,1646503788,0x1652b0d87822133bd4073af60a1057c6d60644b84e3b0a6711e386e9d19fd90e,VCS-584,VCS,AMS-I.C.,India,,,,,,0x89dbeb3586226cb8928b8de4ee8bc161585e1e7c
181,1649408332,0xc5edb599f6c24038fca9d15a745f3391c7e85b8e17bce044d935dfe026039a4f,,,,,,,,,,0x89dbeb3586226cb8928b8de4ee8bc161585e1e7c
182,1649409312,0xd2bd2d3c9fa27f6ad964aa039f90a71877181f1962ba8191d0ac1c989b26089c,VCS-1882,VCS,VM0015,Peru,,,,,,0x89dbeb3586226cb8928b8de4ee8bc161585e1e7c
183,1650459069,0x867d6e1ca17ad0c6114fa97e7777bf8bbff6d4c86683da4b2f05792d88d58a36,VCU-1764,,,,,,,,,0x89dbeb3586226cb8928b8de4ee8bc161585e1e7c
184,1650460723,0x87f08de3e812e43bfdee92fe801b00325d415e179ad335e23c14e5a0274174d1,VCS-1764,VCS,AR-AM0014,Myanmar,,,,,,0x89dbeb3586226cb8928b8de4ee8bc161585e1e7c
185,1651003042,0xe40e15313898daeaf222fc4429b35c7a9903eba5f564790fa3f7bcb37d4a2b62,VCS-1715,VCS,VM0010,China,,,,,,0x89dbeb3586226cb8928b8de4ee8bc161585e1e7c
186,1651423413,0x723ea55f40ff7ab9d3e04085d1f7dcc8a4542e3e41e3411561a4d9d65d7032e3,VCS-868,VCS,VM0007,Peru,,,,,,0x89dbeb3586226cb8928b8de4ee8bc161585e1e7c
187,1651477926,0xf73056467797f7c8f60dd9c60547b9770e0e4a10f609aec8e00714fcacad4cf3,VCU-92,,,,,,,,,0x89dbeb3586226cb8928b8de4ee8bc161585e1e7c
188,1651487272,0xf8331483e9ba7c258ca992f5ebedc415e543df115afc9b25d3439487fb1835d9,VCS-92,VCS,ACM0002,India,,,,,,0x89dbeb3586226cb8928b8de4ee8bc161585e1e7c
